{"cameraMode":{"drawMode":0,"name":"Shaded","section":"Shading Mode"},"sceneLighting":false,"audioPlay":false,"sceneViewState":{"showFog":true,"showMaterialUpdate":false,"showSkybox":false,"showFlares":true,"showImageEffects":true,"showParticleSystems":true,"showVisualEffectGraphs":true,"m_FxEnabled":true},"in2DMode":false,"pivot":{"x":-0.000002652406692504883,"y":0.2487875074148178,"z":-1.7881393432617188e-7},"rotation":{"x":0.10643026977777481,"y":-0.33742788434028628,"z":0.03842972218990326,"w":0.9345285892486572},"size":0.6177156567573547,"orthographic":true}