{"cameraMode":{"drawMode":0,"name":"Shaded","section":"Shading Mode"},"sceneLighting":false,"audioPlay":false,"sceneViewState":{"showFog":true,"showMaterialUpdate":false,"showSkybox":false,"showFlares":true,"showImageEffects":true,"showParticleSystems":true,"showVisualEffectGraphs":true,"m_FxEnabled":true},"in2DMode":false,"pivot":{"x":-0.13664132356643678,"y":0.035375259816646579,"z":-0.5798128843307495},"rotation":{"x":0.08541839569807053,"y":0.07972052693367005,"z":-0.00685714790597558,"w":0.9931336045265198},"size":0.9496104717254639,"orthographic":true}