{"cameraMode":{"drawMode":0,"name":"Shaded","section":"Shading Mode"},"sceneLighting":false,"audioPlay":false,"sceneViewState":{"showFog":true,"showMaterialUpdate":false,"showSkybox":false,"showFlares":true,"showImageEffects":true,"showParticleSystems":true,"showVisualEffectGraphs":true,"m_FxEnabled":true},"in2DMode":false,"pivot":{"x":-0.7352191209793091,"y":-12.326927185058594,"z":0.5622957944869995},"rotation":{"x":0.10848133265972138,"y":0.14027822017669679,"z":-0.01546464953571558,"w":0.9840356111526489},"size":29.72640609741211,"orthographic":true}