{"cameraMode":{"drawMode":0,"name":"Shaded","section":"Shading Mode"},"sceneLighting":false,"audioPlay":false,"sceneViewState":{"showFog":true,"showMaterialUpdate":false,"showSkybox":false,"showFlares":true,"showImageEffects":true,"showParticleSystems":true,"showVisualEffectGraphs":true,"m_FxEnabled":true},"in2DMode":false,"pivot":{"x":-0.13700008392333985,"y":1.6596148014068604,"z":-0.012000083923339844},"rotation":{"x":0.28609898686408999,"y":-0.03879367187619209,"z":0.011593349277973175,"w":0.9573447108268738},"size":6.356811046600342,"orthographic":true}