{"cameraMode":{"drawMode":0,"name":"Shaded","section":"Shading Mode"},"sceneLighting":false,"audioPlay":false,"sceneViewState":{"showFog":true,"showMaterialUpdate":false,"showSkybox":false,"showFlares":true,"showImageEffects":true,"showParticleSystems":true,"showVisualEffectGraphs":true,"m_FxEnabled":true},"in2DMode":false,"pivot":{"x":-2.8312206268310549e-7,"y":0.48822832107543948,"z":-1.6763806343078614e-7},"rotation":{"x":0.003947800491005182,"y":-0.9860901236534119,"z":0.023669058457016946,"w":0.16449737548828126},"size":0.6379315257072449,"orthographic":true}