{"cameraMode":{"drawMode":0,"name":"Shaded","section":"Shading Mode"},"sceneLighting":false,"audioPlay":false,"sceneViewState":{"showFog":true,"showMaterialUpdate":false,"showSkybox":false,"showFlares":true,"showImageEffects":true,"showParticleSystems":true,"showVisualEffectGraphs":true,"m_FxEnabled":true},"in2DMode":false,"pivot":{"x":1.075621485710144,"y":1.4388160705566407,"z":0.004415921866893768},"rotation":{"x":0.24141208827495576,"y":0.6138214468955994,"z":-0.20491445064544679,"w":0.7231616973876953},"size":2.152313709259033,"orthographic":true}