{"cameraMode":{"drawMode":0,"name":"Shaded","section":"Shading Mode"},"sceneLighting":false,"audioPlay":false,"sceneViewState":{"showFog":true,"showMaterialUpdate":false,"showSkybox":false,"showFlares":true,"showImageEffects":true,"showParticleSystems":true,"showVisualEffectGraphs":true,"m_FxEnabled":true},"in2DMode":false,"pivot":{"x":10.209269523620606,"y":-1.4120900630950928,"z":-0.42299211025238039},"rotation":{"x":0.1100965067744255,"y":0.03726300224661827,"z":-0.004130554851144552,"w":0.993213951587677},"size":3.673679828643799,"orthographic":true}