{"cameraMode":{"drawMode":0,"name":"Shaded","section":"Shading Mode"},"sceneLighting":false,"audioPlay":false,"sceneViewState":{"showFog":true,"showMaterialUpdate":false,"showSkybox":false,"showFlares":true,"showImageEffects":true,"showParticleSystems":true,"showVisualEffectGraphs":true,"m_FxEnabled":true},"in2DMode":false,"pivot":{"x":0.4335993826389313,"y":0.43600955605506899,"z":0.3588397800922394},"rotation":{"x":0.176343634724617,"y":0.4422115087509155,"z":-0.08913421630859375,"w":0.8748813271522522},"size":0.5834829211235046,"orthographic":true}