{"cameraMode":{"drawMode":0,"name":"Shaded","section":"Shading Mode"},"sceneLighting":false,"audioPlay":false,"sceneViewState":{"showFog":true,"showMaterialUpdate":false,"showSkybox":false,"showFlares":true,"showImageEffects":true,"showParticleSystems":true,"showVisualEffectGraphs":true,"m_FxEnabled":true},"in2DMode":false,"pivot":{"x":-1.5332603454589844,"y":14.319180488586426,"z":-0.40224599838256838},"rotation":{"x":0.23394344747066499,"y":0.2912146747112274,"z":-0.07367787510156632,"w":0.9246882200241089},"size":31.53636360168457,"orthographic":true}