{"cameraMode":{"drawMode":0,"name":"Shaded","section":"Shading Mode"},"sceneLighting":false,"audioPlay":false,"sceneViewState":{"showFog":true,"showMaterialUpdate":false,"showSkybox":false,"showFlares":true,"showImageEffects":true,"showParticleSystems":true,"showVisualEffectGraphs":true,"m_FxEnabled":true},"in2DMode":false,"pivot":{"x":-0.09007644653320313,"y":0.43076395988464358,"z":-0.16558265686035157},"rotation":{"x":0.34028950333595278,"y":0.18996314704418183,"z":-0.07039836049079895,"w":0.9182384610176086},"size":13.299195289611817,"orthographic":true}