{"cameraMode":{"drawMode":0,"name":"Shaded","section":"Shading Mode"},"sceneLighting":false,"audioPlay":false,"sceneViewState":{"showFog":true,"showMaterialUpdate":false,"showSkybox":false,"showFlares":true,"showImageEffects":true,"showParticleSystems":true,"showVisualEffectGraphs":true,"m_FxEnabled":true},"in2DMode":false,"pivot":{"x":-5.122781753540039,"y":-0.025012969970703126,"z":-0.37718963623046877},"rotation":{"x":0.28609898686408999,"y":-0.03879367187619209,"z":0.011593349277973175,"w":0.9573447108268738},"size":30.755327224731447,"orthographic":true}