{"cameraMode":{"drawMode":0,"name":"Shaded","section":"Shading Mode"},"sceneLighting":false,"audioPlay":false,"sceneViewState":{"showFog":true,"showMaterialUpdate":false,"showSkybox":false,"showFlares":true,"showImageEffects":true,"showParticleSystems":true,"showVisualEffectGraphs":true,"m_FxEnabled":true},"in2DMode":false,"pivot":{"x":0.32555389404296877,"y":0.057816267013549808,"z":0.2606620788574219},"rotation":{"x":0.01394304633140564,"y":-0.9857134819030762,"z":0.1311739981174469,"w":0.10477514564990998},"size":10.811152458190918,"orthographic":true}