{"cameraMode":{"drawMode":0,"name":"Shaded","section":"Shading Mode"},"sceneLighting":false,"audioPlay":false,"sceneViewState":{"showFog":true,"showMaterialUpdate":false,"showSkybox":false,"showFlares":true,"showImageEffects":true,"showParticleSystems":true,"showVisualEffectGraphs":true,"m_FxEnabled":true},"in2DMode":false,"pivot":{"x":0.37068939208984377,"y":1.1963980197906495,"z":-0.04227447509765625},"rotation":{"x":0.1546829789876938,"y":0.26754334568977358,"z":-0.04355882480740547,"w":0.9500532746315002},"size":21.28461456298828,"orthographic":true}