{"cameraMode":{"drawMode":0,"name":"Shaded","section":"Shading Mode"},"sceneLighting":false,"audioPlay":false,"sceneViewState":{"showFog":true,"showMaterialUpdate":false,"showSkybox":false,"showFlares":true,"showImageEffects":true,"showParticleSystems":true,"showVisualEffectGraphs":true,"m_FxEnabled":true},"in2DMode":false,"pivot":{"x":2.708279609680176,"y":0.5486860275268555,"z":2.1252927780151369},"rotation":{"x":0.28609898686408999,"y":-0.03879367187619209,"z":0.011593349277973175,"w":0.9573447108268738},"size":11.736806869506836,"orthographic":true}