{"cameraMode":{"drawMode":0,"name":"Shaded","section":"Shading Mode"},"sceneLighting":false,"audioPlay":false,"sceneViewState":{"showFog":true,"showMaterialUpdate":false,"showSkybox":false,"showFlares":true,"showImageEffects":true,"showParticleSystems":true,"showVisualEffectGraphs":true,"m_FxEnabled":true},"in2DMode":false,"pivot":{"x":0.0649767518043518,"y":-0.14568743109703065,"z":-0.22998860478401185},"rotation":{"x":0.01394304633140564,"y":-0.9857134819030762,"z":0.1311739981174469,"w":0.10477514564990998},"size":0.2687767446041107,"orthographic":true}