{"cameraMode":{"drawMode":0,"name":"Shaded","section":"Shading Mode"},"sceneLighting":false,"audioPlay":false,"sceneViewState":{"showFog":true,"showMaterialUpdate":false,"showSkybox":false,"showFlares":true,"showImageEffects":true,"showParticleSystems":true,"showVisualEffectGraphs":true,"m_FxEnabled":true},"in2DMode":false,"pivot":{"x":-0.041732847690582278,"y":0.18888187408447267,"z":0.06229877471923828},"rotation":{"x":0.08541839569807053,"y":0.07972052693367005,"z":-0.00685714790597558,"w":0.9931336045265198},"size":1.2197394371032715,"orthographic":true}